[{"id":"1001","fname":"pradeep","lname":"kumar","address":"a-21 Sector 65, Noida","pincode":"201301","company_name":"xyz pvt Ltd","phone_number":"918010446567","office_number":"0120436651","email_address":"pradeep7384@gmail.com"},
{"id":"1002","fname":"pradeep1","lname":"kumar","address":"a-21 Sector 65, Noida","pincode":"201301","company_name":"xyz pvt Ltd","phone_number":"918010446567","office_number":"0120436651","email_address":"pradeep7384@gmail.com"},
{"id":"1003","fname":"pradeep2","lname":"kumar","address":"a-21 Sector 65, Noida","pincode":"201301","company_name":"xyz pvt Ltd","phone_number":"918010446567","office_number":"0120436651","email_address":"pradeep7384@gmail.com"},
{"id":"1004","fname":"pradeep3","lname":"kumar","address":"a-21 Sector 65, Noida","pincode":"201301","company_name":"xyz pvt Ltd","phone_number":"918010446567","office_number":"0120436651","email_address":"pradeep7384@gmail.com"},
{"id":"1005","fname":"pradeep4","lname":"kumar","address":"a-21 Sector 65, Noida","pincode":"201301","company_name":"xyz pvt Ltd","phone_number":"918010446567","office_number":"0120436651","email_address":"pradeep7384@gmail.com"},
{"id":"1006","fname":"pradeep5","lname":"kumar","address":"a-21 Sector 65, Noida","pincode":"201301","company_name":"xyz pvt Ltd","phone_number":"918010446567","office_number":"0120436651","email_address":"pradeep7384@gmail.com"},
{"id":"1007","fname":"pradeep6","lname":"kumar","address":"a-21 Sector 65, Noida","pincode":"201301","company_name":"xyz pvt Ltd","phone_number":"918010446567","office_number":"0120436651","email_address":"pradeep7384@gmail.com"},
{"id":"1008","fname":"pradeep7","lname":"kumar","address":"a-21 Sector 65, Noida","pincode":"201301","company_name":"xyz pvt Ltd","phone_number":"918010446567","office_number":"0120436651","email_address":"pradeep7384@gmail.com"},
{"id":"1009","fname":"pradeep8","lname":"kumar","address":"a-21 Sector 65, Noida","pincode":"201301","company_name":"xyz pvt Ltd","phone_number":"918010446567","office_number":"0120436651","email_address":"pradeep7384@gmail.com"},
{"id":"1010","fname":"pradeep9","lname":"kumar","address":"a-21 Sector 65, Noida","pincode":"201301","company_name":"xyz pvt Ltd","phone_number":"918010446567","office_number":"0120436651","email_address":"pradeep7384@gmail.com"},
{"id":"1011","fname":"pradeep10","lname":"kumar","address":"a-21 Sector 65, Noida","pincode":"201301","company_name":"xyz pvt Ltd","phone_number":"918010446567","office_number":"0120436651","email_address":"pradeep7384@gmail.com"},
{"id":"1012","fname":"pradeep11","lname":"kumar","address":"a-21 Sector 65, Noida","pincode":"201301","company_name":"xyz pvt Ltd","phone_number":"918010446567","office_number":"0120436651","email_address":"pradeep7384@gmail.com"},
{"id":"1013","fname":"pradeep12","lname":"kumar","address":"a-21 Sector 65, Noida","pincode":"201301","company_name":"xyz pvt Ltd","phone_number":"918010446567","office_number":"0120436651","email_address":"pradeep7384@gmail.com"},
{"id":"1014","fname":"pradeep13","lname":"kumar","address":"a-21 Sector 65, Noida","pincode":"201301","company_name":"xyz pvt Ltd","phone_number":"918010446567","office_number":"0120436651","email_address":"pradeep7384@gmail.com"},
{"id":"1015","fname":"pradeep14","lname":"kumar","address":"a-21 Sector 65, Noida","pincode":"201301","company_name":"xyz pvt Ltd","phone_number":"918010446567","office_number":"0120436651","email_address":"pradeep7384@gmail.com"}
]

